title,price,stock,rating,category
It's Only the Himalayas,£45.17,In stock (19 available),Two,Travel
Full Moon over Noah’s Ark: An Odyssey to Mount Ararat and Beyond,£49.43,In stock (15 available),Four,Travel
"1,000 Places to See Before You Die",£26.08,In stock (1 available),Five,Travel
A Summer In Europe,£44.34,In stock (7 available),Two,Travel
Neither Here nor There: Travels in Europe,£38.95,In stock (3 available),Three,Travel
Vagabonding: An Uncommon Guide to the Art of Long-Term World Travel,£36.94,In stock (8 available),Two,Travel
A Year in Provence (Provence #1),£56.88,In stock (6 available),Four,Travel
The Great Railway Bazaar,£30.54,In stock (6 available),One,Travel
The Road to Little Dribbling: Adventures of an American in Britain (Notes From a Small Island #2),£23.21,In stock (3 available),One,Travel
Delivering the Truth (Quaker Midwife Mystery #1),£20.89,In stock (7 available),Four,Mystery
See America: A Celebration of Our National Parks & Treasured Sites,£48.87,In stock (14 available),Three,Travel
Under the Tuscan Sun,£37.33,In stock (7 available),Three,Travel
What Happened on Beale Street (Secrets of the South Mysteries #2),£25.37,In stock (7 available),Five,Mystery
Girl in the Blue Coat,£46.83,In stock (3 available),Two,Historical Fiction
Playing with Fire,£13.71,In stock (11 available),Three,Mystery
The Guernsey Literary and Potato Peel Pie Society,£49.53,In stock (3 available),One,Historical Fiction
The Bachelor Girl's Guide to Murder (Herringford and Watts Mysteries #1),£52.30,In stock (7 available),Five,Mystery
The Red Tent,£35.66,In stock (3 available),Five,Historical Fiction
The Last Painting of Sara de Vos,£55.55,In stock (3 available),Two,Historical Fiction
Girl With a Pearl Earring,£26.77,In stock (4 available),One,Historical Fiction
The Constant Princess (The Tudor Court #1),£16.62,In stock (7 available),Three,Historical Fiction
Voyager (Outlander #3),£21.07,In stock (3 available),Five,Historical Fiction
World Without End (The Pillars of the Earth #2),£32.97,In stock (5 available),Four,Historical Fiction
The Passion of Dolssa,£28.32,In stock (4 available),Five,Historical Fiction
The Invention of Wings,£37.34,In stock (6 available),One,Historical Fiction
A Paris Apartment,£39.01,In stock (12 available),Four,Historical Fiction
Lilac Girls,£17.28,In stock (11 available),Two,Historical Fiction
The Girl In The Ice (DCI Erika Foster #1),£15.85,In stock (1 available),Three,Mystery
Blood Defense (Samantha Brinkman #1),£20.30,In stock (1 available),Three,Mystery
The Girl You Lost,£12.29,In stock (1 available),Five,Mystery
The No. 1 Ladies' Detective Agency (No. 1 Ladies' Detective Agency #1),£57.70,In stock (1 available),Four,Mystery
1st to Die (Women's Murder Club #1),£53.98,In stock (1 available),One,Mystery
Career of Evil (Cormoran Strike #3),£24.72,In stock (3 available),Two,Mystery
Extreme Prey (Lucas Davenport #26),£25.40,In stock (3 available),Three,Mystery
The Cuckoo's Calling (Cormoran Strike #1),£19.21,In stock (3 available),One,Mystery
A Spy's Devotion (The Regency Spies of London #1),£16.97,In stock (1 available),Five,Historical Fiction
Lost Among the Living,£27.70,In stock (1 available),Four,Historical Fiction
While You Were Mine,£41.32,In stock (1 available),Five,Historical Fiction
Starlark,£25.83,In stock (1 available),Three,Historical Fiction
The Secret Healer,£34.56,In stock (1 available),Three,Historical Fiction
The Silkworm (Cormoran Strike #2),£23.05,In stock (3 available),Five,Mystery
Between Shades of Gray,£20.79,In stock (3 available),Five,Historical Fiction
The Exiled,£43.45,In stock (3 available),Three,Mystery
In the Woods (Dublin Murder Squad #1),£38.38,In stock (6 available),Two,Mystery
The Mysterious Affair at Styles (Hercule Poirot #1),£24.80,In stock (6 available),Four,Mystery
The Marriage of Opposites,£28.08,In stock (14 available),Four,Historical Fiction
"Love, Lies and Spies",£20.55,In stock (12 available),Two,Historical Fiction
Glory over Everything: Beyond The Kitchen House,£45.84,In stock (14 available),Three,Historical Fiction
The House by the Lake,£36.95,In stock (15 available),One,Historical Fiction
A Flight of Arrows (The Pathfinders #2),£55.53,In stock (16 available),Five,Historical Fiction
Mrs. Houdini,£30.25,In stock (15 available),Five,Historical Fiction
Tipping the Velvet,£53.74,In stock (20 available),One,Historical Fiction
Forever and Forever: The Courtship of Henry Longfellow and Fanny Appleton,£29.69,In stock (16 available),Three,Historical Fiction
Camp Midnight,£17.08,In stock (16 available),Four,Sequential Art
Danganronpa Volume 1,£51.99,In stock (16 available),Four,Sequential Art
I am a Hero Omnibus Volume 1,£54.63,In stock (16 available),Three,Sequential Art
"Codename Baboushka, Volume 1: The Conclave of Death",£36.72,In stock (16 available),Four,Sequential Art
"Giant Days, Vol. 2 (Giant Days #5-8)",£22.11,In stock (16 available),Two,Sequential Art
"I Hate Fairyland, Vol. 1: Madly Ever After (I Hate Fairyland (Compilations) #1-5)",£29.17,In stock (16 available),Two,Sequential Art
Lumberjanes Vol. 3: A Terrible Plan (Lumberjanes #9-12),£19.92,In stock (16 available),Two,Sequential Art
"Lumberjanes, Vol. 2: Friendship to the Max (Lumberjanes #5-8)",£46.91,In stock (16 available),Two,Sequential Art
"Lumberjanes, Vol. 1: Beware the Kitten Holy (Lumberjanes #1-4)",£45.61,In stock (16 available),Three,Sequential Art
orange: The Complete Collection 1 (orange: The Complete Collection #1),£48.41,In stock (16 available),One,Sequential Art
Patience,£10.16,In stock (16 available),Three,Sequential Art
"Outcast, Vol. 1: A Darkness Surrounds Him (Outcast #1)",£15.44,In stock (16 available),Four,Sequential Art
"Pop Gun War, Volume 1: Gift",£18.97,In stock (16 available),One,Sequential Art
"Princess Jellyfish 2-in-1 Omnibus, Vol. 01 (Princess Jellyfish 2-in-1 Omnibus #1)",£13.61,In stock (16 available),Five,Sequential Art
"Rat Queens, Vol. 3: Demons (Rat Queens (Collected Editions) #11-15)",£50.40,In stock (16 available),Three,Sequential Art
Tsubasa: WoRLD CHRoNiCLE 2 (Tsubasa WoRLD CHRoNiCLE #2),£16.28,In stock (16 available),One,Sequential Art
The Nameless City (The Nameless City #1),£38.16,In stock (16 available),Four,Sequential Art
"Saga, Volume 5 (Saga (Collected Editions) #5)",£51.04,In stock (16 available),Two,Sequential Art
This One Summer,£19.49,In stock (16 available),Four,Sequential Art
Scott Pilgrim's Precious Little Life (Scott Pilgrim #1),£52.29,In stock (19 available),Five,Sequential Art
Alice in Wonderland (Alice's Adventures in Wonderland #1),£55.53,In stock (1 available),One,Classics
"Adulthood Is a Myth: A ""Sarah's Scribbles"" Collection",£10.90,In stock (14 available),Two,Sequential Art
Roller Girl,£14.10,In stock (8 available),Five,Sequential Art
"Fruits Basket, Vol. 9 (Fruits Basket #9)",£33.95,In stock (9 available),Four,Sequential Art
Art Ops Vol. 1,£48.80,In stock (14 available),Three,Sequential Art
Batman: Europa,£32.01,In stock (14 available),Two,Sequential Art
El Deafo,£57.62,In stock (14 available),Five,Sequential Art
Lowriders to the Center of the Earth (Lowriders in Space #2),£51.51,In stock (14 available),Two,Sequential Art
"Naruto (3-in-1 Edition), Vol. 14: Includes Vols. 40, 41 & 42 (Naruto: Omnibus #14)",£38.39,In stock (14 available),Two,Sequential Art
"Red Hood/Arsenal, Vol. 1: Open for Business (Red Hood/Arsenal #1)",£25.48,In stock (14 available),Two,Sequential Art
"So Cute It Hurts!!, Vol. 6 (So Cute It Hurts!! #6)",£35.43,In stock (14 available),Four,Sequential Art
Robin War,£47.82,In stock (14 available),Three,Sequential Art
Superman Vol. 1: Before Truth (Superman by Gene Luen Yang #1),£11.89,In stock (14 available),Five,Sequential Art
"We Are Robin, Vol. 1: The Vigilante Business (We Are Robin #1)",£53.90,In stock (14 available),One,Sequential Art
Through the Woods,£25.38,In stock (14 available),Two,Sequential Art
"Wonder Woman: Earth One, Volume One (Wonder Woman: Earth One #1)",£37.34,In stock (14 available),Four,Sequential Art
Batman: The Long Halloween (Batman),£36.50,In stock (15 available),Two,Sequential Art
Batman: The Dark Knight Returns (Batman),£15.38,In stock (15 available),Five,Sequential Art
"Bitch Planet, Vol. 1: Extraordinary Machine (Bitch Planet (Collected Editions))",£37.92,In stock (16 available),Two,Sequential Art
Of Mice and Men,£47.11,In stock (1 available),Two,Classics
Emma,£32.93,In stock (1 available),Two,Classics
The Shadow Hero (The Shadow Hero),£33.14,In stock (15 available),One,Sequential Art
"Fables, Vol. 1: Legends in Exile (Fables #1)",£41.62,In stock (15 available),Four,Sequential Art
Sense and Sensibility,£37.46,In stock (1 available),One,Classics
"Fruits Basket, Vol. 2 (Fruits Basket #2)",£11.64,In stock (2 available),Five,Sequential Art
"Black Butler, Vol. 1 (Black Butler #1)",£49.31,In stock (3 available),One,Sequential Art
"Saga, Volume 2 (Saga (Collected Editions) #2)",£11.75,In stock (2 available),Three,Sequential Art
"Fruits Basket, Vol. 3 (Fruits Basket #3)",£45.17,In stock (3 available),Two,Sequential Art
"The Sandman, Vol. 2: The Doll's House (The Sandman (volumes) #2)",£54.81,In stock (2 available),One,Sequential Art
Awkward,£38.02,In stock (3 available),Two,Sequential Art
"Grayson, Vol 3: Nemesis (Grayson #3)",£42.72,In stock (3 available),One,Sequential Art
Original Fake,£31.45,In stock (3 available),Three,Sequential Art
Persepolis: The Story of a Childhood (Persepolis #1-2),£39.13,In stock (3 available),One,Sequential Art
"Saga, Volume 3 (Saga (Collected Editions) #3)",£21.57,In stock (3 available),Five,Sequential Art
"The Sandman, Vol. 3: Dream Country (The Sandman (volumes) #3)",£55.55,In stock (3 available),Five,Sequential Art
Prodigy: The Graphic Novel (Legend: The Graphic Novel #2),£43.63,In stock (3 available),Three,Sequential Art
"The Wicked + The Divine, Vol. 3: Commercial Suicide (The Wicked + The Divine)",£14.41,In stock (3 available),Three,Sequential Art
"The Demon Prince of Momochi House, Vol. 4 (The Demon Prince of Momochi House #4)",£27.88,In stock (4 available),Two,Sequential Art
"Fruits Basket, Vol. 4 (Fruits Basket #4)",£50.44,In stock (4 available),Four,Sequential Art
"Death Note, Vol. 5: Whiteout (Death Note #5)",£52.41,In stock (5 available),One,Sequential Art
"Fruits Basket, Vol. 5 (Fruits Basket #5)",£16.33,In stock (5 available),One,Sequential Art
"Fruits Basket, Vol. 6 (Fruits Basket #6)",£20.96,In stock (6 available),Four,Sequential Art
"Fruits Basket, Vol. 7 (Fruits Basket #7)",£19.57,In stock (7 available),One,Sequential Art
The Little Prince,£45.42,In stock (1 available),Two,Classics
"Death Note, Vol. 6: Give-and-Take (Death Note #6)",£36.39,In stock (6 available),Three,Sequential Art
The Story of Hong Gildong,£43.19,In stock (1 available),Four,Classics
And Then There Were None,£35.01,In stock (3 available),Two,Classics
"Fruits Basket, Vol. 1 (Fruits Basket #1)",£40.28,In stock (1 available),Five,Sequential Art
"Paper Girls, Vol. 1 (Paper Girls #1-5)",£21.71,In stock (1 available),Four,Sequential Art
"Giant Days, Vol. 1 (Giant Days #1-4)",£56.76,In stock (1 available),Four,Sequential Art
"Ms. Marvel, Vol. 1: No Normal (Ms. Marvel (2014-2015) #1)",£39.39,In stock (1 available),Four,Sequential Art
"Hawkeye, Vol. 1: My Life as a Weapon (Hawkeye #1)",£45.24,In stock (1 available),Three,Sequential Art
"Ouran High School Host Club, Vol. 1 (Ouran High School Host Club #1)",£29.87,In stock (1 available),Three,Sequential Art
"Ajin: Demi-Human, Volume 1 (Ajin: Demi-Human #1)",£57.06,In stock (1 available),Four,Sequential Art
"Bleach, Vol. 1: Strawberry and the Soul Reapers (Bleach #1)",£34.65,In stock (1 available),Five,Sequential Art
"The Sandman, Vol. 1: Preludes and Nocturnes (The Sandman (volumes) #1)",£54.12,In stock (1 available),Three,Sequential Art
"Y: The Last Man, Vol. 1: Unmanned (Y: The Last Man #1)",£18.51,In stock (1 available),Four,Sequential Art
"Skip Beat!, Vol. 01 (Skip Beat! #1)",£42.12,In stock (1 available),Three,Sequential Art
Beowulf,£38.35,In stock (3 available),Two,Classics
"Rat Queens, Vol. 1: Sass & Sorcery (Rat Queens (Collected Editions) #1-5)",£46.96,In stock (1 available),Five,Sequential Art
The Complete Maus (Maus #1-2),£10.64,In stock (1 available),Three,Sequential Art
"Saga, Volume 1 (Saga (Collected Editions) #1)",£28.48,In stock (1 available),One,Sequential Art
"The Wicked + The Divine, Vol. 1: The Faust Act (The Wicked + The Divine)",£36.52,In stock (1 available),Two,Sequential Art
The Picture of Dorian Gray,£29.70,In stock (3 available),Two,Classics
Animal Farm,£57.22,In stock (4 available),Three,Classics
Candide,£58.63,In stock (4 available),Three,Classics
Little Women (Little Women #1),£28.07,In stock (4 available),Four,Classics
Gone with the Wind,£32.49,In stock (4 available),Three,Classics
Wuthering Heights,£17.73,In stock (3 available),Three,Classics
The Complete Stories and Poems (The Works of Edgar Allan Poe [Cameo Edition]),£26.78,In stock (3 available),Four,Classics
The Hound of the Baskervilles (Sherlock Holmes #5),£14.82,In stock (4 available),Two,Classics
The Pilgrim's Progress,£50.26,In stock (4 available),Two,Classics
The Secret Garden,£15.08,In stock (5 available),Four,Classics
The Metamorphosis,£28.58,In stock (5 available),One,Classics
Boar Island (Anna Pigeon #19),£59.48,In stock (12 available),Three,Mystery
Hide Away (Eve Duncan #20),£11.84,In stock (12 available),One,Mystery
Most Wanted,£35.28,In stock (12 available),Three,Mystery
The Widow,£27.26,In stock (11 available),Two,Mystery
Murder at the 42nd Street Library (Raymond Ambler #1),£54.36,In stock (12 available),Four,Mystery
Poisonous (Max Revere Novels #3),£26.80,In stock (12 available),Three,Mystery
The Murder of Roger Ackroyd (Hercule Poirot #4),£44.10,In stock (15 available),Four,Mystery
A Time of Torment (Charlie Parker #14),£48.35,In stock (14 available),Five,Mystery
A Study in Scarlet (Sherlock Holmes #1),£16.73,In stock (14 available),Two,Mystery
Tastes Like Fear (DI Marnie Rome #3),£10.69,In stock (14 available),One,Mystery
The Last Mile (Amos Decker #2),£54.21,In stock (14 available),Two,Mystery
That Darkness (Gardiner and Renner #1),£13.92,In stock (14 available),One,Mystery
A Murder in Time,£16.64,In stock (16 available),One,Mystery
The Past Never Ends,£56.50,In stock (16 available),Four,Mystery
Sharp Objects,£47.82,In stock (20 available),Four,Mystery
"In a Dark, Dark Wood",£19.63,In stock (18 available),One,Mystery
